Tag No.,Equipment / Document Title,Serial No.,Cal. Freq,First Calibration,Last Calibration,Next Calibration,Status,Owner,Location,Type of Calibration,Remark
B314,MITUTOYO DIGIMATIC BLADE MICROMETER (0~25mm) (Model: 422-260),35024914,1,29-Oct-2013,01-Oct-2025,01-Oct-2026,On progress to internal verification,Sarmadi,IPI QC WH,Internal Verification,"IATF,CLARION"
B239,NIKON DIGIMICRO (MF 501) (50 x 0.001mm),D05480,1,27-Apr-2012,03-Oct-2025,03-Oct-2026,Send to vendor on 11-Sep-26,Sarmadi,IPI QC CONNECTOR,External Calibration,"IATF,"
B459,Thermo hygrometer SANFIX TH303BL,NA,1,18-Oct-2023,03-Oct-2025,03-Oct-2026,Send to vendor on 11-Sep-26,Khudri,IPI CONN,External Calibration,
B481,Thermo hygrometer DEKKO,NA,1,21-Oct-2024,03-Oct-2025,03-Oct-2026,Send to vendor on 11-sep-26,Jamsuri,IPI STORE,External Calibration,
B290,BLOCK GAGE 24mm,6015,1,18-May-2012,09-Oct-2025,09-Oct-2026,Send to vendor on 11-Sep-26,Lastri,IPI QC CONNECTOR,External Calibration,
B63,MICROMETER (0 ~ 25mm),3052370,1,21-Jun-2013,21-Oct-2025,21-Oct-2026,Due >30d,Izmir,IPI MOLD MAINT,Internal Verification,
B64,MICROMETER (0 ~ 25mm),1222877,1,21-Jun-2013,21-Oct-2025,21-Oct-2026,Due >30d,Izmir,IPI MOLD MAINT,Internal Verification,
B101,Pin Gauge 0.52mm,NA,1,16-Jul-2012,22-Oct-2025,22-Oct-2026,Send to vendor on 10-Sep-26,Izmir,IPI MOLD MAINT,External Calibration,
B102,Pin Gauge 0.53mm,NA,1,16-Jul-2012,22-Oct-2025,22-Oct-2026,Send to vendor on 10-Sep-26,Izmir,IPI MOLD MAINT,External Calibration,
B103,Pin Gauge 0.54mm,NA,1,16-Jul-2012,22-Oct-2025,22-Oct-2026,Send to vendor on 10-Sep-26,Izmir,IPI MOLD MAINT,External Calibration,
B104,Pin Gauge 0.55mm,NA,1,16-Jul-2012,22-Oct-2025,22-Oct-2026,Send to vendor on 10-Sep-26,Izmir,IPI MOLD MAINT,External Calibration,
B105,Pin Gauge 0.56mm,NA,1,16-Jul-2012,22-Oct-2025,22-Oct-2026,Send to vendor on 10-Sep-26,Izmir,IPI MOLD MAINT,External Calibration,
B106,Pin Gauge 0.68mm,NA,1,16-Jul-2012,22-Oct-2025,22-Oct-2026,Send to vendor on 10-Sep-26,Izmir,IPI MOLD MAINT,External Calibration,
B107,Pin Gauge 0.43mm,NA,1,16-Jul-2012,22-Oct-2025,22-Oct-2026,Send to vendor on 10-Sep-26,Izmir,IPI MOLD MAINT,External Calibration,
B196,45 MIRROR JIG,NA,1,10-Jul-2012,23-Oct-2025,23-Oct-2026,Send to vendor on 11-Sep-26,Lastri,IPI QC WH,External Calibration,
B325,MITUTOYO MICROMETER (0 ~ 25mm),36110894,1,01-Jul-2014,23-Oct-2025,23-Oct-2026,Due >30d,Andris,IPI PE,Internal Verification,
B418,MITUTOYO Digimatic Indicator ID F 150,91216201081,1,12-Mar-2020,24-Oct-2025,24-Oct-2026,Send to vendor on 10-Sep-26,Dede,IPI PE,External Calibration,
B420,DIGIMATIC  MICROMETER POINT (0 ~ 25mm),25056140,1,25-Mar-2020,27-Oct-2025,27-Oct-2026,Due >30d,Marfa/Yus,IPI QC WH,Internal Verification,"IATF,CLARION"
B296,ENA NETWORK ANALYZER (MODEL NO. E5071C),MY46214903,1,27-Jul-2018,29-Oct-2025,29-Oct-2026,Due >30d,Sarmadi,IPI QC WH,External Calibration,
B489,HIPOT CABLE HARNESS CHECKER NAC,V24014543,1,13-Nov-2024,29-Oct-2025,29-Oct-2026,Due >30d,Agus R,IPI MCX,External Calibration,
B490,HIPOT CABLE HARNESS CHECKER NAC,V24014541,1,13-Nov-2024,29-Oct-2025,29-Oct-2026,Due >30d,Agus R,IPI MCX,External Calibration,
B491,HIPOT CABLE HARNESS CHECKER NAC,V24014542,1,13-Nov-2024,29-Oct-2025,29-Oct-2026,Due >30d,Agus R,IPI MCX,External Calibration,
B492,HIPOT CABLE HARNESS CHECKER NAC,V24014544,1,13-Nov-2024,29-Oct-2025,29-Oct-2026,Due >30d,Agus R,IPI MCX,External Calibration,
B537,Reflow Machine,NA,1,29-Oct-2025,29-Oct-2025,29-Oct-2026,Due >30d,Tika,IPI PE,External Calibration,
B417,Measuring Microscope (TMS) MM-40/L3T,2103440,1,06-Jan-2020,03-Nov-2025,03-Nov-2026,Due >30d,Sarmadi,IPI QC MCX,External Calibration,"IATF,BYD,PANASONIC"
B407,Measuring Microscope (TMS) MM-400/LM,3422220,1,05-Jul-2019,03-Nov-2025,03-Nov-2026,Due >30d,Sarmadi,IPI QC CONNECTOR,External Calibration,"IATF,BYD,BOSCH,PANASONIC"
B122,Measuring Microscope (TMS) MM-40/L3T,2104029,1,28-Feb-2012,04-Nov-2025,04-Nov-2026,Due >30d,Sarmadi,IPI QC WH,External Calibration,"IATF,CLARION"
B520,Measuring Microscope (TMS),3412831,1,14-Apr-2025,04-Nov-2025,04-Nov-2026,Due >30d,Sarmadi,IPI QC INJECTION,External Calibration,"IATF,PANASONIC,DENSO"
B419,DIGIMATIC  MICROMETER POINT (0 ~ 25mm),25178887,1,25-Mar-2020,05-Nov-2025,05-Nov-2026,Due >30d,Tika,IPI WH PROD,Internal Verification,
B343,MITUTOYO DIGIMATIC MICROMETER (0~25mm),63136109,1,06-Jun-2016,05-Nov-2025,05-Nov-2026,Due >30d,Andris,IPI PE,Internal Verification,
CAL 7,STAINLESS STEEL TEST WEIGHT (200g),2405,5,15-Dec-2016,19-Nov-2021,19-Nov-2026,Due >30d,Feti,IPI QA,External Calibration,
B128,Digital Thermometer C/W Thermocouple A138,60306493,1,10-Apr-2012,28-Nov-2025,28-Nov-2026,Due >30d,Yueflin,IPI  INJECTION PROD,External Calibration,
B496,MITUTOYO DIGIMATIC CALIPER (0-150mm),A24078143,1,11-Dec-2024,28-Nov-2025,28-Nov-2026,Due >30d,Fenny,IPI PE (Tooling),External Calibration,
B428,MITUTOYO DIGIMATIC CALIPER (0-150mm),A20033822,1,02-Feb-2021,28-Nov-2025,28-Nov-2026,Due >30d,Heru,IPI INJECTION MC Maint,External Calibration,
B426,MITUTOYO DIGIMATIC CALIPER (0-150mm),B18007053,1,18-Mar-2021,28-Nov-2025,28-Nov-2026,Due >30d,Agus S,IPI PE MCX,External Calibration,
B115,Digital Thermometer C/W Thermocouple,40211993,1,31-May-2012,28-Nov-2025,28-Nov-2026,Due >30d,Yueflin,IPI INJECTION PROD,External Calibration,
B380,Digital Thermometer C/W Thermocouple,130700182,1,12-Apr-2018,28-Nov-2025,28-Nov-2026,Due >30d,Tika,IPI WH PROD,External Calibration,
B344,MITUTOYO DIGIMATIC CALIPER (0-150mm),14126752,1,06-Jun-2016,28-Nov-2025,28-Nov-2026,Due >30d,Khudri,IPI ETS,External Calibration,
B291,Digimatic Height Gauge 0 - 300mm,1108724,1,28-May-2021,28-Nov-2025,28-Nov-2026,Due >30d,Andris,IPI WH PROD,External Calibration,
B437,IMADA Digital Peeling Tester  Model : IPTS-5N-I,459311,1,01-Sep-2021,29-Nov-2025,29-Nov-2026,Due >30d,Sarmadi,IPI  QC CONN,External Calibration,"IATF,BYD,BOSCH"
B550,Weighing  DIGITAL FUJITSU FSR-A 300 CAP 320 GRAM 'GRADUATION 0.001 G - 1 MG,BD09323186,1,29-Nov-2025,29-Nov-2025,29-Nov-2026,Due >30d,Heru,IPI INJECTION PROD,External Calibration,
B551,Weighing  DIGITAL FUJITSU FSR-A 300 CAP 320 GRAM 'GRADUATION 0.001 G - 1 MG,BD09323187,1,29-Nov-2025,29-Nov-2025,29-Nov-2026,Due >30d,Heru,IPI INJECTION PROD,External Calibration,
B203,Pin Gauge 1.500mm,NA,1,27-Sep-2012,02-Dec-2025,02-Dec-2026,Due >30d,Lastri,IPI QC CONNECTOR,External Calibration,
B204,Pin Gauge 1.600mm,NA,1,27-Sep-2012,02-Dec-2025,02-Dec-2026,Due >30d,Lastri,IPI QC CONNECTOR,External Calibration,
B100,Pin Gauge 0.38mm,NA,1,16-Jul-2012,02-Dec-2025,02-Dec-2026,Due >30d,Izmir,IPI MOLD MAINT,External Calibration,
B486,Thermo hygrometer Thermopro,19876,1,10-Sep-2024,03-Dec-2025,03-Dec-2026,Due >30d,Heru,IPI INJ (PI 2),External Calibration,
B498,Thermo hygrometer Thermopro,198560,1,10-Dec-2024,03-Dec-2025,03-Dec-2026,Due >30d,Heru,IPI INJ,External Calibration,
B429,Dial Tension Gauge TACLOCK DT-150 ( 0 - 150kgf),93755,1,22-Feb-2021,03-Dec-2025,03-Dec-2026,Due >30d,Feti,IPI QA Quarantine,External Calibration,IATF
B359,Digital Thermo Hygrometer DEKKO 642N,642N,1,19-May-2017,03-Dec-2025,03-Dec-2026,Due >30d,Jamsuri,IPI STORE,External Calibration,
CAL 11,Thermo-Hygrometer DEKKO 642N,NA,1,22-Apr-2019,03-Dec-2025,03-Dec-2026,Due >30d,Feti,IPI QA,External Calibration,
B187-1,MHF PLUG 1 & 2 RETENTION JIG,NA,1,25-Jul-2013,04-Dec-2025,04-Dec-2026,Due >30d,Lastri,IPI QC CONNECTOR,External Calibration,
B226,45 MIRROR JIG,NA,1,30-Jul-2013,04-Dec-2025,04-Dec-2026,Due >30d,Nurjanah,IPI QC INJECTION,External Calibration,
B494,Length check jig,NA,1,03-Dec-2024,04-Dec-2025,04-Dec-2026,Due >30d,Tika,IPI WH PROD,External Calibration,
B495,Length check jig,NA,1,03-Dec-2024,04-Dec-2025,04-Dec-2026,Due >30d,Tika,IPI WH PROD,External Calibration,
B237,Fuji Temperature Recorder PHE20022-VV0EV,A5H4374T,1,09-May-2012,04-Dec-2025,04-Dec-2026,Due >30d,Heric,RE-FLOW MACHINE,External Calibration,
B493,Length check Jig,NA,1,28-Nov-2024,04-Dec-2025,04-Dec-2026,Due >30d,Agus R,IPI  MCX,External Calibration,
B360,MITUTOYO DIGIMATIC CRIMP HEIGHT  MICROMETER (0~20mm),63123454,1,19-Jun-2017,04-Dec-2025,04-Dec-2026,Due >30d,Sarmadi,IPI QC WH,Internal Verification,"IATF,CLARION"
B538,Length check jig,NA,1,04-Dec-2025,04-Dec-2025,04-Dec-2026,Due >30d,Tika,IPI WH PROD,External Calibration,
B539,Length check jig,NA,1,04-Dec-2025,04-Dec-2025,04-Dec-2026,Due >30d,Tika,IPI WH PROD,External Calibration,
B460,Dial Test Indicator 513-405-10,CLHU61,1,10-Jan-2024,17-Dec-2025,17-Dec-2026,Due >30d,Ramdan,IPI CONN ETS,External Calibration,
B500,WEIGHING SCALE RENKMHE,NA,1,07-Jan-2025,03-Jan-2026,03-Jan-2027,Due >30d,Gilang,IPI SM,External Calibration,
B358,DAI-ICHI THERMO-HYGROMETER (0~50?C / 20~99%),642N,1,19-May-2017,05-Jan-2026,05-Jan-2027,Due >30d,Sondang,IPI Packing CONNECTOR,External Calibration,
B499,AIKOH Push Pull Gauge (0-50kgf),F01999,1,20-Jan-2025,05-Jan-2026,05-Jan-2027,Due >30d,Sarmadi,IPI QC INJECTION,External Calibration,
B504,Digital TORQUE METER  HIOS HP-10,209167,1,20-Jan-2025,05-Jan-2026,05-Jan-2027,Due >30d,Fenny,IPI PE MCX,External Calibration,
B174,DAI-ICHI THERMO-HYGROMETER (0~50?C / 20~99%),NA,1,27-May-2012,15-Jan-2026,15-Jan-2027,Due >30d,Dian,IPI IQC,External Calibration,
B292,DAI-ICHI THERMO-HYGROMETER (0~50?C / 20~99%),NA,1,25-Jun-2012,15-Jan-2026,15-Jan-2027,Due >30d,Lastri,IPI QC CONNECTOR,External Calibration,
B382,Digital Thermo Hygrometer SANFIX TH-308A,NA,1,27-Jul-2018,15-Jan-2026,15-Jan-2027,Due >30d,Yueflin,IPI INJ (Mixed room),External Calibration,
B540,Length check jig  Shinwa,NA,1,15-Jan-2025,15-Jan-2026,15-Jan-2027,Due >30d,Tika,IPI WH PROD,External Calibration,
CAL 1,Digimatic Mitutoyo Micrometer 293-240-30 ( 0 - 25mm),63190660,1,26-Feb-2025,19-Jan-2026,19-Jan-2027,Due >30d,Feti,IPI QA,External Calibration,
B364,MITUTOYO DIGIMATIC CALIPER (0-150mm),B17014554,1,24-Aug-2017,19-Jan-2026,19-Jan-2027,Due >30d,Khudri,IPI PLUG,External Calibration,
B433,MITUTOYO DIGIMATIC CALIPER CD 6AX (0-150mm),B20196365,1,21-Apr-2021,19-Jan-2026,19-Jan-2027,Due >30d,Izmir/Heru,IPI MOLD MAINT,External Calibration,
B345,MITUTOYO DIGIMATIC CALIPER (0-150mm),14126780,1,06-Jun-2016,19-Jan-2026,19-Jan-2027,Due >30d,Andris,IPI PE,External Calibration,
B450,MITUTOYO DIGIMATIC CALIPER (0-150mm),B22308598,1,03-Mar-2023,19-Jan-2026,19-Jan-2027,Due >30d,Tika,IPI WH PROD,External Calibration,
B198-5,Plain Ring Gauge 25mm,2E20202,1,21-Aug-2018,19-Jan-2026,19-Jan-2027,Due >30d,Heru,IPI MC MAINT,External Calibration,
B198-6,Plain Ring Gauge 35mm,2H13202,1,21-Aug-2018,19-Jan-2026,19-Jan-2027,Due >30d,Heru,IPI MC MAINT,External Calibration,
B198-1,TESA Digimatic Holtest (25~30mm),2M022901,1,22-Aug-2012,19-Jan-2026,19-Jan-2027,Due >30d,Heru,IPI MC MAINT,External Calibration,
B198-3,TESA Digimatic Holtest (30~35mm),2M024101,1,22-Aug-2012,19-Jan-2026,19-Jan-2027,Due >30d,Heru,IPI MC MAINT,External Calibration,
B198-4,TESA Digimatic Holtest (35~40mm),2M008101,1,22-Aug-2012,19-Jan-2026,19-Jan-2027,Due >30d,Heru,IPI MC MAINT,External Calibration,
B142,DIGIMATIC SPLINE MICROMETER (0 ~ 25mm),65124765,1,18-Oct-2013,19-Jan-2026,19-Jan-2027,Due >30d,Dian,IPI IQC,Internal Verification,IATF
B501,NIKON Digimatic Indicator MFC-101A (0-50mm),E19223,1,01-Feb-2025,20-Jan-2026,20-Jan-2027,Due >30d,Sarmadi,IPI QC INJECTION,External Calibration,"IATF,BYD,PANASONIC,MURATA"
B236,IMADA Digital Force Gauge Model : DS2-200N (0~20kg),268470,2,20-Mar-2012,20-Jan-2025,20-Jan-2027,Due >30d,Lastri,IPI QC CONNECTOR,External Calibration,"IATF,BYD,PANASONIC ,MURATA"
B347,TESA Digimatic Holtest (20~25mm),120884,1,25-Feb-2025,22-Jan-2026,22-Jan-2027,Due >30d,Herman,IPI MC MAINT/Quarantin,External Calibration,
B406,IMADA Digital Force Gauge Model : DST-200N 1 (0~200 N),415600,1,04-Jun-2019,23-Jan-2026,23-Jan-2027,Due >30d,Sarmadi,IPI QC CONNECTOR,External Calibration,IATF
B503,Precision Thread Gauge (ISSOKU) M4x0.7 GP II -IP II,S90226-29,2,23-Jan-2025,23-Jan-2025,23-Jan-2027,Due >30d,Sarmadi,IPI QC CONNECTOR,External Calibration,
B202,45 MIRROR JIG,NA,1,11-Sep-2012,27-Jan-2026,27-Jan-2027,Due >30d,Lastri,IPI QC CONNECTOR,External Calibration,
B363,VERTEX BLOCK GAGE SET (1.001~100mm),171106,1,16-Aug-2017,27-Jan-2026,27-Jan-2027,Due >30d,Tika,IPI WH PROD,External Calibration,
B163,Attonic Dial Push Pull Gauge Model : AP-20( 0~20kgf),19160,1,25-Feb-2025,30-Jan-2026,30-Jan-2027,Due >30d,Nurjanah,IPI QC INJECTION,External Calibration,
B423,DIGIMATIC INDICATOR (50.8 x 0.001mm)543-553E,19211006,1,17-Jun-2020,31-Jan-2026,31-Jan-2027,Due >30d,Tika,IPI WH PROD,External Calibration,
B405,SHIMADZU ELECTRONIC WEIGHING SCALE (BL-220H) (0~220g),D455009554,1,12-Jun-2019,31-Jan-2026,31-Jan-2027,Due >30d,Pak Agus,IPI WH PROD,External Calibration,
B300,SHIMADZU ELECTRONIC BALANCE (BL-220H) (220g x 0.001g),D455007871,1,02-Oct-2012,31-Jan-2026,31-Jan-2027,Due >30d,Trinil,IPI WH PROD (Clean Room),External Calibration,IATF
B301,SHIMADZU ELECTRONIC BALANCE (BL-220H) (220g x 0.001g),D455007874,1,02-Oct-2012,31-Jan-2026,31-Jan-2027,Due >30d,Trinil,IPI Packing WH,External Calibration,
B434,"ANALYTICAL BALANCE SCALE BMB 224  BRAND: BONITA, CAPACITY 220G X 0.1MG",2217001433,1,16-Oct-2013,31-Jan-2026,31-Jan-2027,Due >30d,Khudri,IPI CONN AP-10,External Calibration,
B18,WEIGHING BALANCE (LPW-3015) (3000g x 0.2g),4049067,1,24-Sep-2013,31-Jan-2026,31-Jan-2027,Due >30d,Khudri,IPI PLUG,External Calibration,
B332,ELECTRONIC WEIGHING BALANCE INDICATOR (XK3190-A15E),8117173,1,01-Oct-2015,31-Jan-2026,31-Jan-2027,Due >30d,Yueflin,IPI INJECTION PROD,External Calibration,
B352,SHIMADZU ELECTRONIC BALANCE (BL-220H) (220g x 0.001g),D455009548,1,14-Nov-2016,31-Jan-2026,31-Jan-2027,Due >30d,Agus R,IPI WH PROD,External Calibration,
B361,Digital Thermo Hygrometer DEKKO 642N,NA,1,16-Jul-2017,06-Feb-2026,06-Feb-2027,Due >30d,Khudri,IPI RECE,External Calibration,
B507,DIAL GAUGE MITUTOYO 543-553-1?,23240834,1,20-Feb-2025,07-Feb-2026,07-Feb-2027,Due >30d,Tika,IPI MCX,External Calibration,
B431,RIKEN KESOKUKI (WATER PASS),200855,1,13-Apr-2021,18-Feb-2026,18-Feb-2027,Due >30d,Khudri,IPI CONN AP-10,External Calibration,
B432,RIKEN KESOKUKI (WATER PASS),200884,1,14-Apr-2021,18-Feb-2026,18-Feb-2027,Due >30d,Khudri,IPI CONN AP-10,External Calibration,
B188,STAINLESS STEEL TEST WEIGHT (2kg),1729,3,12-Aug-2009,18-Feb-2024,18-Feb-2027,Due >30d,Lastri,IPI QC CONNECTOR,External Calibration,
B552,Temperature Indicator,NA,1,20-Feb-2026,20-Feb-2026,20-Feb-2027,Due >30d,Tika,IPI MCX,External Calibration,
B408,Digital Thermo Hygrometer DEKKO 642N,NA,1,15-Jul-2019,20-Feb-2026,20-Feb-2027,Due >30d,Sarmadi,IPI QC WH,External Calibration,
B510,Digital Weighing Scale FUJITSU FSR-A 300 CAP 320 GRAM GRADUATION 0.001 G - 1 MG,BD08323116,1,12-Mar-2025,21-Feb-2026,21-Feb-2027,Due >30d,Heru,IPI INJ,External Calibration,
B511,Digital Weighing Scale  FUJITSU FSR-A 300 CAP 320 GRAM GRADUATION 0.001 G - 1 MG,BD08323112,1,22-Mar-2025,21-Feb-2026,21-Feb-2027,Due >30d,Heru,IPI INJ,External Calibration,
B512,Digital Weighing Scale  FUJITSU FSR-A 300 CAP 320 GRAM GRADUATION 0.001 G - 1 MG,BD08323105,1,22-Mar-2025,21-Feb-2026,21-Feb-2027,Due >30d,Heru,IPI INJ,External Calibration,
B513,Digital Weighing Scale  FUJITSU FSR-A 300 CAP 320 GRAM GRADUATION 0.001 G - 1 MG,BD09323222,1,22-Mar-2025,21-Feb-2026,21-Feb-2027,Due >30d,Heru,IPI INJ,External Calibration,
B514,Digital Weighing Scale  FUJITSU FSR-A 300 CAP 320 GRAM GRADUATION 0.001 G - 1 MG,BD09323223,1,22-Mar-2025,21-Feb-2026,21-Feb-2027,Due >30d,Heru,IPI INJ,External Calibration,
B515,Digital Weighing Scale  FUJITSU FSR-A 300 CAP 320 GRAM GRADUATION 0.001 G - 1 MG,BD08323117,1,22-Mar-2025,21-Feb-2026,21-Feb-2027,Due >30d,Heru,IPI INJ,External Calibration,
B516,Digital Weighing Scale  FUJITSU FSR-A 300 CAP 320 GRAM GRADUATION 0.001 G - 1 MG,BD09323227,1,22-Mar-2025,21-Feb-2026,21-Feb-2027,Due >30d,Heru,IPI INJ,External Calibration,
B517,Digital Weighing Scale  FUJITSU FSR-A 300 CAP 320 GRAM GRADUATION 0.001 G - 1 MG,BD09323226,1,22-Mar-2025,21-Feb-2026,21-Feb-2027,Due >30d,Heru,IPI INJ,External Calibration,
B518,Digital Weighing Scale LABORATORIUM 320G X 0.001G BL-320H SHIMADZU-JAPAN,D455101101,1,22-Mar-2025,21-Feb-2026,21-Feb-2027,Due >30d,Tika,IPI MCX,External Calibration,
B505,Thermo hygrometer Thermopro,198391,1,13-Mar-2025,23-Feb-2026,23-Feb-2027,Due >30d,Khudri,IPI ETS,External Calibration,
B436,Dial Tension Gauge TACLOCK DT-150 ( 0 - 150kgf),93750,1,14-Jun-2021,23-Feb-2026,23-Feb-2027,Due >30d,Khudri/Feti,IPI CONN,External Calibration,
B366,Pin Gauge 0.420mm,NA,1,20-Sep-2017,26-Feb-2026,26-Feb-2027,Due >30d,Izmir,IPI MOLD MAINT,External Calibration,
B370,Pin Gauge 0.520mm,NA,1,20-Sep-2017,26-Feb-2026,26-Feb-2027,Due >30d,Izmir,IPI MOLD MAINT,External Calibration,
B371,Pin Gauge 1.995mm,NA,1,20-Sep-2017,26-Feb-2026,26-Feb-2027,Due >30d,Izmir,IPI MOLD MAINT,External Calibration,
B375,Pin Gauge 2.015mm,NA,1,20-Sep-2017,26-Feb-2026,26-Feb-2027,Due >30d,Izmir,IPI MOLD MAINT,External Calibration,
B373,Pin Gauge 2.005mm,NA,1,20-Sep-2017,26-Feb-2026,26-Feb-2027,Due >30d,Izmir,IPI MOLD MAINT,External Calibration,
B367,Pin Gauge 0.505mm,NA,1,20-Sep-2017,26-Feb-2026,26-Feb-2027,Due >30d,Izmir,IPI MOLD MAINT,External Calibration,
B368,Pin Gauge 0.510mm,NA,1,20-Sep-2017,26-Feb-2026,26-Feb-2027,Due >30d,Izmir,IPI MOLD MAINT,External Calibration,
B369,Pin Gauge 0.515mm,NA,1,20-Sep-2017,26-Feb-2026,26-Feb-2027,Due >30d,Izmir,IPI MOLD MAINT,External Calibration,
B372,Pin Gauge 2.000mm,NA,1,20-Sep-2017,26-Feb-2026,26-Feb-2027,Due >30d,Izmir,IPI MOLD MAINT,External Calibration,
B374,Pin Gauge 2.010mm,NA,1,20-Sep-2017,26-Feb-2026,26-Feb-2027,Due >30d,Izmir,IPI MOLD MAINT,External Calibration,
B206,PIN GAGE 1.53mm,NA,1,17-Oct-2013,26-Feb-2026,26-Feb-2027,Due >30d,Lastri,IPI QC CONNECTOR,External Calibration,
B386,Pin Gauge 1.52mm,NA,1,26-Oct-2013,26-Feb-2026,26-Feb-2027,Due >30d,Lastri,IPI QC CONNECTOR,External Calibration,
B387,Pin Gauge 1.54mm,NA,1,26-Sep-2018,26-Feb-2026,26-Feb-2027,Due >30d,Lastri,IPI QC CONNECTOR,External Calibration,
B390,Pin Gauge 1.56mm,NA,1,26-Sep-2018,26-Feb-2026,26-Feb-2027,Due >30d,Lastri,IPI QC CONNECTOR,External Calibration,
B391,Pin Gauge 1.58mm,NA,1,26-Sep-2018,26-Feb-2026,26-Feb-2027,Due >30d,Lastri,IPI QC CONNECTOR,External Calibration,
B451,MITUTOYO DIGIMATIC CALIPER (0-150mm),B22359079,1,05-Apr-2023,26-Feb-2026,26-Feb-2027,Due >30d,Khudri,IPI CONN RECE,External Calibration,
B452,MITUTOYO DIGIMATIC CALIPER (0-150mm),B22359067,1,05-Apr-2023,26-Feb-2026,26-Feb-2027,Due >30d,Khudri,IPI CONN CABLINE VS RECE,External Calibration,
B376,MITUTOYO DIGIMATIC CALIPER (0-150mm),A17076355,1,04-Oct-2017,26-Feb-2026,26-Feb-2027,Due >30d,Nurjanah,IPI QC INJECTION,External Calibration,
B8,DIGIMATIC INDICATOR (50.8 x 0.001mm),19354,1,21-Nov-2013,28-Feb-2026,28-Feb-2027,Due >30d,Lastri,IPI QC CONNECTOR,External Calibration,
B365,Mitutoyo DIGIMATIC DEPT GAGE VDS -15AX ( 0 - 150mm),10275,1,16-Aug-2017,28-Feb-2026,28-Feb-2027,Due >30d,Izmir,IPI MOLD MAINT,External Calibration,
B409,Thermo Hygrometer TANITA TT-580,NA,1,13-Aug-2019,02-Mar-2026,02-Mar-2027,Due >30d,Jamsuri,IPI STORE,External Calibration,
B454,DIGIMATIC Mitutoyo MICROMETER BLADE TYPE B (BLM-25MX/.4T),422-260-30,1,30-Mar-2023,03-Mar-2026,03-Mar-2027,Due >30d,Tika,IPI WH PROD,Internal Verification,
B350,MITUTOYO DIGIMATIC MICROMETER (0~20mm) (MODEL: 293-340-30),63185179,1,12-Oct-2016,03-Mar-2026,03-Mar-2027,Due >30d,Sarmadi,IPI QC WH,Internal Verification,"IATF,CLARION"
B384,Digimatic Micrometer Blade  (422-260-30),66472995,1,04-Sep-2018,10-Mar-2026,10-Mar-2027,Due >30d,Equwin,IPI WH PROD,Internal Verification,
B385,Mitutoyo Digimatic Crimp Height Micrometer (0~20mm)(Model 342-271-30),66466988,1,17-Sep-2018,10-Mar-2026,10-Mar-2027,Due >30d,Equwin,IPI WH PROD,Internal Verification,
B178,DIGIMATIC SPLINE MICROMETER (0-25MM) (MODEL: Model : 331-261-30),66201779,1,30-May-2022,24-Mar-2026,24-Mar-2027,Due >30d,Nurjanah,IPI QC INJECTION,Internal Verification,
B69,DIGIMATIC INDICATOR (50.8 x 0.001mm),2246,1,03-Oct-2013,31-Mar-2026,31-Mar-2027,Due >30d,Izmir,IPI MOLD MAINT,External Calibration,
B351,Pin Gauge 0.415mm,NA,1,31-Oct-2017,31-Mar-2026,31-Mar-2027,Due >30d,Izmir,IPI MOLD MAINT,External Calibration,
B133,MICROMETER (75 ~ 100mm),300794,1,06-Dec-2013,02-Apr-2026,02-Apr-2027,Due >30d,Izmir,IPI MOLD MAINT,Internal Verification,
B130,MICROMETER (0 ~ 25mm),56075180,1,26-Dec-2013,02-Apr-2026,02-Apr-2027,Due >30d,Izmir,IPI MOLD MAINT,Internal Verification,
CAL 2,Mitutoyo Gauge Block Set Model :  516-958-10  47 Pcs (1.005 - 100mm),1703685,1,28-Sep-2017,09-Apr-2026,09-Apr-2027,Due >30d,Feti,IPI QA,External Calibration,
B439,Precision Thread Gauge (ISSOKU),S81880-37,1,20-Aug-2021,09-Apr-2026,09-Apr-2027,Due >30d,Sarmadi,IPI QC CONNECTOR,External Calibration,
B354,MITUTOYO DIAL INDICATOR (Model: 513-404-10),XRW490,1,23-Nov-2017,10-Apr-2026,10-Apr-2027,Due >30d,Agus R,IPI WH PROD,External Calibration,
B184,DAI-ICHI THERMO-HYGROMETER (0~50?C / 20~99%),NA,1,07-Aug-2012,14-Apr-2026,14-Apr-2027,Due >30d,Dian,IPI QUARANTINE,External Calibration,
B298,DAI-ICHI THERMO-HYGROMETER (0~50?C / 20~99%),NA,1,24-Sep-2012,14-Apr-2026,14-Apr-2027,Due >30d,Nurjanah,IPI QC INJECTION,External Calibration,
B448,Handy Thermometer DP-350,DP-350,1,21-Jun-2023,14-Apr-2026,14-Apr-2027,Due >30d,Heru,IPI MC MAINT,External Calibration,
B109,Precision BLOCK GAGE SET - 86 PCS / GRADE 1 Model : EGB-87-G1 (1.001~100mm),2005,1,27-Oct-2014,16-Apr-2026,16-Apr-2027,Due >30d,Izmir,IPI MOLD MAINT,External Calibration,
B502,IMADA Digital Peeling Tester  Model : IPTS-5N-I,16933/437210,1,10-May-2025,18-Apr-2026,18-Apr-2027,Due >30d,Sarmadi,IPI QC INJECTION,External Calibration,"IATF,PANASONIC"
B185,DAI-ICHI THERMO-HYGROMETER (0~50?C / 20~99%),NA,1,07-Aug-2012,22-Apr-2026,22-Apr-2027,Due >30d,Agus R,IPI WH PROD,External Calibration,
B400,DAI-ICHI THERMO-HYGROMETER (0~50?C / 20~99%),NA,1,28-Oct-2018,22-Apr-2026,22-Apr-2027,Due >30d,Tika/Feti,IPI Packing WH (Quarantine room),External Calibration,
B455,"GAUGE BLOCK SET STEEL, TOL. CLASS 1 480450 (87) MAKER: HOLEX",H0221010,1,17-Apr-2023,29-Apr-2026,29-Apr-2027,Due >30d,Fenny,IPI PE,External Calibration,
B463,Thermo hygrometer SANFIX TH-3038,NA,1,23-May-2024,29-Apr-2026,29-Apr-2027,Due >30d,Heru,IPI INJECTION PROD,External Calibration,
B521,Thermo hygrometer Thermopro,NA,1,28-May-2025,29-Apr-2026,29-Apr-2027,Due >30d,Tika,IPI Packing WH,External Calibration,
B414,Thermo hygrometer SANFIX Model : TH -303A,NA,1,18-Sep-2019,06-May-2026,06-May-2027,Due >30d,Eni,IPI INJECTION INSP.,External Calibration,
B132,MICROMETER (50 ~ 75mm),47010724,1,06-Dec-2013,07-May-2026,07-May-2027,Due >30d,Izmir,IPI MOLD MAINT,Internal Verification,
B401,Airbone Particle Counter,3020117,1,19-Nov-2018,13-May-2026,13-May-2027,Due >30d,Agus R,IPI WH PROD,External Calibration,
B438,Length check jig,NA,1,24-Aug-2021,19-May-2026,19-May-2027,Due >30d,Sarmadi,IPI QC WH,External Calibration,
B353,CAMBER JIG,NA,1,23-Nov-2017,20-May-2026,20-May-2027,Due >30d,Nurjanah,IPI QC INJECTION,External Calibration,
B529,Thermo hygrometer Thermopro,984935,1,11-Jun-2025,20-May-2026,20-May-2027,Due >30d,Eka,IPI AP 10-1,External Calibration,
B530,Thermo hygrometer Thermopro,984949,1,19-Jun-2025,20-May-2026,20-May-2027,Due >30d,Eka,IPI AP 10-2,External Calibration,
B416,STAINLESS STEEL TEST WEIGHT (50g),2647,1,20-Dec-2019,21-May-2026,21-May-2027,Due >30d,Agus R/Tika,IPI Packing WH,External Calibration,
B528,IMADA Push Pull Scale,529784,1,23-Jun-2025,21-May-2026,21-May-2027,Due >30d,Tika,IPI WH Prod,External Calibration,
B415,Durometer,18043,1,18-Nov-2019,21-May-2026,21-May-2027,Due >30d,Nurjanah,IPI QC INJECTION,External Calibration,
B336,Pin Gauge 0.375 mm,NA,1,29-Dec-2015,22-May-2026,22-May-2027,Due >30d,Izmir,IPI MOLD MAINT,External Calibration,
B337,Pin Gauge 0.470 mm,NA,1,28-Dec-2015,22-May-2026,22-May-2027,Due >30d,Izmir,IPI MOLD MAINT,External Calibration,
B338,Pin Gauge 0.475 mm,NA,1,28-Dec-2015,22-May-2026,22-May-2027,Due >30d,Izmir,IPI MOLD MAINT,External Calibration,
B335,Pin Gauge 0.370 mm,NA,1,12-Jul-2022,22-May-2026,22-May-2027,Due >30d,Izmir,IPI MOLD MAINT,External Calibration,
B466,Pin Gauge 2.185 mm,NA,1,04-Jun-2024,22-May-2026,22-May-2027,Due >30d,Sarmadi,IPI QC INJECTION,External Calibration,
B467,Pin Gauge 2.190 mm,NA,1,06-Jun-2024,22-May-2026,22-May-2027,Due >30d,Sarmadi,IPI QC INJECTION,External Calibration,
B468,Pin Gauge 2.195 mm,NA,1,06-Jun-2024,22-May-2026,22-May-2027,Due >30d,Sarmadi,IPI QC INJECTION,External Calibration,
B469,Pin Gauge 2.200 mm,NA,1,06-Jun-2024,22-May-2026,22-May-2027,Due >30d,Sarmadi,IPI QC INJECTION,External Calibration,
B470,Pin Gauge 2.205 mm,NA,1,06-Jun-2024,22-May-2026,22-May-2027,Due >30d,Sarmadi,IPI QC INJECTION,External Calibration,
B471,Pin Gauge 2.280 mm,NA,1,06-Jun-2024,22-May-2026,22-May-2027,Due >30d,Sarmadi,IPI QC INJECTION,External Calibration,
B472,Pin Gauge 2.320 mm,NA,1,06-Jun-2024,22-May-2026,22-May-2027,Due >30d,Sarmadi,IPI QC INJECTION,External Calibration,
B453,Weighing Scale CAS SW 1A 30Kg Double display,220758734,1,28-Jun-2023,23-May-2026,23-May-2027,Due >30d,Jamsuri,IPI STORE,External Calibration,
B457,Weighing Scale Nhonhia (100kg),581,1,03-Jul-2023,23-May-2026,23-May-2027,Due >30d,Jamsuri,IPI STORE,External Calibration,
B402,Moisture Analyzer,B746986762,1,15-Jan-2019,23-May-2026,23-May-2027,Due >30d,Yueflin,IPI INJECTION PROD,External Calibration,
B287,Load Cell,AABCNS2015 / AKK1169 / AG2A271B,1,23-Apr-2013,23-May-2026,23-May-2027,Due >30d,Sarmadi,IPI QC WH,External Calibration,"IATF,CLARION"
B474,Dial Test Indicator MODEL CUPQ04,51340410,1,26-Jul-2024,25-May-2026,25-May-2027,Due >30d,Tika,IPI MCX,External Calibration,
B398,MITUTOYO DIGIMATIC CALIPER (0-150mm),A15020506,1,15-Oct-2018,26-May-2026,26-May-2027,Due >30d,Tika,IPI WH PROD,External Calibration,
B462,MITUTOYO DIGIMATIC CALIPER (0-150mm),B23216509,1,21-Jun-2024,26-May-2026,26-May-2027,Due >30d,Ramdan,IPI CONN CABLINE VS RECE/MINIFLEX,External Calibration,
B339,MITUTOYO DIGIMATIC CALIPER (0-150mm),14233339,1,15-Jan-2016,26-May-2026,26-May-2027,Due >30d,Andris,IPI PE,External Calibration,
B131,MICROMETER (25 ~ 50mm),46217969,1,06-Dec-2013,03-Jun-2026,03-Jun-2027,Due >30d,Andris,IPI PE,Internal Verification,
B473,Mitutoyo blade micrometer,42226030,1,10-Jun-2024,03-Jun-2026,03-Jun-2027,Due >30d,Sarmadi,IPI QC MCX,Internal Verification,
B312,MITUTOYO DIGIMATIC BLADE MICROMETER (0~25mm) (MODEL: 422-260),35024936,1,16-Oct-2013,04-Jun-2026,04-Jun-2027,Due >30d,Tika,IPI WH PROD,Internal Verification,
B334,MITUTOYO OUTSIDE MICROMETER (MODEL: M120-25) (0~25mm),65009283,1,11-Dec-2015,04-Jun-2026,04-Jun-2027,Due >30d,Yudi,IPI PE (Pak Yudi),Internal Verification,
B362,SMARTSCOPE Fov 250 (OGP),SF2502033,1,08-Aug-2017,06-Jun-2026,06-Jun-2027,Due >30d,Sarmadi,IPI QC WH,External Calibration,"IATF,PANASONIC"
B488,SMARTSCOPE Fov 250 (OGP),SK2506816,1,05-Nov-2024,06-Jun-2026,06-Jun-2027,Due >30d,Sarmadi,IPI QC INJECTION,External Calibration,"IATF,PANASONIC"
B377,TRUE RMS MULTIMETER  FLUKE 179 TRUE RMS,36510188,1,14-Oct-2017,25-Jun-2026,25-Jun-2027,Due >30d,Equwin,IPI WH PROD,External Calibration,
B399,Electrostatic Fieldmeter STATICO S2001,R15102,1,11-Oct-2018,25-Jun-2026,25-Jun-2027,Due >30d,Agus R,IPI WH PROD,External Calibration,
B479,Digital Multimeter CD772 SANWA,23015009701,1,09-Aug-2024,25-Jun-2026,25-Jun-2027,Due >30d,Agus R /Tika,IPI MCX,External Calibration,
B475,BLOCK  GAUGE SET INSIZE (1~100mm) (47 PCS/SET),4100-247,1,14-Aug-2024,03-Jul-2026,03-Jul-2027,Due >30d,Sartika,IPI MCX,External Calibration,
B234,BLOCK GAGE 3mm,8023,1,10-Feb-2012,03-Jul-2026,03-Jul-2027,Due >30d,Lastri,IPI QC CONNECTOR,External Calibration,
B235,BLOCK GAGE 11mm,8030,1,02-Oct-2012,03-Jul-2026,03-Jul-2027,Due >30d,Lastri,IPI QC CONNECTOR,External Calibration,
B329,SHIMADZU ELECTRONIC WEIGHING SCALE (MODEL: BL-220H) (0~220g),D455008359,1,16-Apr-2015,04-Jul-2026,04-Jul-2027,Due >30d,Trinil,IPI Packing WH,External Calibration,
B442,Weighing Scale CAS SW-1A (50g~30kg),210253796,1,06-Oct-2021,04-Jul-2026,04-Jul-2027,Due >30d,Khudri,IPI CONN MHF RECE,External Calibration,
B357,SHIMADZU ELECTRONIC BALANCE (UX6200H)(0.5g~6500g),D446841609,1,22-Jan-2021,04-Jul-2026,04-Jul-2027,Due >30d,Yueflin,IPI INJECTION PROD,External Calibration,
B443,Weighing Scale CAS SW-1A (50g~30kg),210253741,1,06-Oct-2021,04-Jul-2026,04-Jul-2027,Due >30d,Khudri,IPI CONN CABLINE,External Calibration,
B127,Digital Thermo-Hygrometer  RS 212-124,RS212-124,1,11-Dec-2012,07-Jul-2026,07-Jul-2027,Due >30d,Feti,IPI QA,External Calibration,
B476,Thermo hygrometer Thermopro,NA,1,16-Aug-2024,07-Jul-2026,07-Jul-2027,Due >30d,Agus R,IPI MCX-SI Room,External Calibration,
B477,Thermo hygrometer Thermopro,NA,1,13-Aug-2024,07-Jul-2026,07-Jul-2027,Due >30d,Agus R,IPI MCX-SI Room,External Calibration,
B441,Length check jig,NA,1,11-Oct-2021,08-Jul-2026,08-Jul-2027,Due >30d,Sarmadi,IPI QC WH,External Calibration,"IATF,CLARION"
B238,CAMBER JIG,N.A.,1,10-Apr-2012,18-Jul-2026,18-Jul-2027,Due >30d,Dian,IPI IQC,External Calibration,
B321,SHIMADZU ELECTRONIC WEIGHING SCALE (MODEL: BL-220H) (0~220g),D455008368,1,03-Apr-2014,18-Jul-2026,18-Jul-2027,Due >30d,Trinil,IPI Packing WH,External Calibration,
B330,SHIMADZU ELECTRONIC WEIGHING SCALE (MODEL: BL-220H) (0~220g),D455008361,1,16-Apr-2015,18-Jul-2026,18-Jul-2027,Due >30d,Trinil,IPI Packing WH,External Calibration,IATF
B320,SHIMADZU ELECTRONIC WEIGHING SCALE (MODEL: BL-220H) (0~220g),D455008358,1,03-Apr-2014,18-Jul-2026,18-Jul-2027,Due >30d,Trinil,IPI Packing WH,External Calibration,
B319,DAI-ICHI THERMO-HYGROMETER (0~50?C / 20~99%),NA,1,25-May-2015,22-Jul-2026,22-Jul-2027,Due >30d,Khudri,IPI CABLINE 29,External Calibration,
B16,Aikoh Push Pull Gauge Model : AN-100 (0~10kgf),1100094,1,01-Jun-2012,22-Jul-2026,22-Jul-2027,Due >30d,Tika,IPI WH PROD,External Calibration,
B553,Thermo hygrometer Thermopro,47509,1,22-Jul-2026,22-Jul-2026,22-Jul-2027,Due >30d,Heru,IPI INJECTION,External Calibration,
B554,Thermo hygrometer Thermopro,47488,1,22-Jul-2026,22-Jul-2026,22-Jul-2027,Due >30d,Heru,IPI INJECTION,External Calibration,
B555,Thermo hygrometer Thermopro,47510,1,22-Jul-2026,22-Jul-2026,22-Jul-2027,Due >30d,Heru,IPI INJECTION,External Calibration,
B556,Thermo hygrometer Thermopro,47507,1,22-Jul-2026,22-Jul-2026,22-Jul-2027,Due >30d,Heru,IPI INJECTION,External Calibration,
B97,DIGIMATIC BLADE MICROMETER (0 ~ 25mm),45134099,1,14-Feb-2014,27-Jul-2026,27-Jul-2027,Due >30d,Marfa/Yus,IPI QC QUARANTINE,Internal Verification,
B322,JINGSTONE METROLOGY BLOCK GAGE SET (GB-9087-1) (0.5~100mm),70079,1,07-May-2024,28-Jul-2026,28-Jul-2027,Due >30d,Khudri,IPI PLUG,External Calibration,
B328,JINGSTONE METROLOGY BLOCK GAGE SET (1.001~100mm),130366,1,25-Mar-2015,28-Jul-2026,28-Jul-2027,Due >30d,Andris,IPI PE,External Calibration,
B478,Digital Thermometer ARITSU HR-1100K/1100E,M03861/24006615,1,13-Aug-2024,29-Jul-2026,29-Jul-2027,Due >30d,Tika/Agus R,IPI MCX,External Calibration,
B458,Digital Multimeter CD772 SANWA,18115011022,1,15-Sep-2023,29-Jul-2026,29-Jul-2027,Due >30d,Tika,IPI WH PROD,External Calibration,
B483,Soldering Iron Tip Thermometer HAKKO,1.31002E+13,1,10-Sep-2024,29-Jul-2026,29-Jul-2027,Due >30d,Tika,IPI MCX,External Calibration,
B480,Dial Test Indicator model CUPP76,51340410,1,06-Sep-2024,30-Jul-2026,30-Jul-2027,Due >30d,Tika,IPI MCX,External Calibration,
B356,DIGIMATIC INDICATOR (0~25mm),12109985,1,19-Mar-2018,30-Jul-2026,30-Jul-2027,Due >30d,Dede,IPI TOOLING,External Calibration,
B81,WEIGHING M/C CP423S (420g x 0.001g),16311151,1,16-Apr-2012,01-Aug-2026,01-Aug-2027,Due >30d,Yueflin,IPI INJECTION PROD,External Calibration,
B484,OVEN,NA,1,28-Sep-2024,01-Aug-2026,01-Aug-2027,Due >30d,Naldi,IPI CONN AP-10,External Calibration,
B449,Micrometer TESA,2C02102,1,,04-Aug-2026,04-Aug-2027,Due >30d,Heru,IPI INJ,External Calibration,
B166,DIGIMATIC SPLINE MICROMETER (0 ~ 25mm),85249463,1,25-Feb-2013,11-Aug-2026,11-Aug-2027,Due >30d,Izmir,IPI MOLD MAINT,Internal Verification,
B536,Thermo hygrometer Thermopro TP53,NA,1,23-Sep-2025,20-Aug-2026,20-Aug-2027,Due >30d,Sarmadi,IPI QC MCX,External Calibration,
B535,Thermo hygrometer Thermopro TP53,NA,1,23-Sep-2025,20-Aug-2026,20-Aug-2027,Due >30d,Feti,IPI QA,External Calibration,
B534,Thermo hygrometer Thermopro TP53,NA,1,23-Sep-2025,20-Aug-2026,20-Aug-2027,Due >30d,Feti,IPI QA,External Calibration,
B531,Length check jig Shinwa,NA,1,08-Sep-2025,26-Aug-2026,26-Aug-2027,Due >30d,Sarmadi/Toyek,IPI QC MCX,External Calibration,
B557,ENA NETWORK ANALYZER (MODEL NO E5071C),NA,1,,26-Aug-2026,26-Aug-2027,Calibration onsite on 26-08-26,Sarmadi,IPI QC WH,External Calibration,
B221,WEIGHING BALANCE (CAS SW-1S) (20kg x 5g),90740024,1,17-Jun-2013,29-Aug-2026,29-Aug-2027,Due >30d,Trinil,IPI Packing WH,External Calibration,
B80,SARTORIUS ELECTRONIC WEIGHING M/C CP423S (420g x 0.001g),16311150,1,31-May-2012,29-Aug-2026,29-Aug-2027,Due >30d,Yueflin,IPI INJECTION PROD,External Calibration,
B324,SHIMADZU ELECTRONIC WEIGHING SCALE (BL-220H) (0~220g),D455008362,1,16-Jun-2015,29-Aug-2026,29-Aug-2027,Due >30d,Trinil,IPI Packing WH,External Calibration,IATF
B240,DIGIMATIC BLADE MICROMETER (0 ~ 25mm),85272511,1,30-Apr-2012,01-Sep-2026,01-Sep-2027,Due >30d,Sarmadi,IPI QC WH,Internal Verification,"IATF,CLARION"
B533,Thermo hygrometer Thermopro TP53,NA,1,23-Sep-2025,02-Sep-2026,02-Sep-2027,Due >30d,Jamsuri,IPI STORE,External Calibration,
B485,Thermo hygrometer Thermopro,198397,1,21-Oct-2024,02-Sep-2026,02-Sep-2027,Send to vendor on 11-Sep-26,Jamsuri,IPI STORE,External Calibration,
B558,Thermo Pro,047514,1,,02-Sep-2026,02-Sep-2027,Due >30d,Jamsuri,IPI STORE,External Calibration,
B559,Thermo pro,047502,1,,02-Sep-2026,02-Sep-2027,Due >30d,Jamsuri,IPI STORE,External Calibration,
B532,Go No Go Jig FAU Bucket,NA,2,04-Sep-2025,04-Sep-2025,04-Sep-2027,Due >30d,Nurjanah,IPI QC INJECTION,Internal Verification,
B176,DIGIMATIC MICROMETER - SPECIAL CUSTOM-MADE (25 ~ 50mm),95019645,1,18-Apr-2013,07-Sep-2026,07-Sep-2027,Due >30d,Herman,IPI MC MAINT,Internal Verification,
CAL 14,STAINLESS STEEL TEST WEIGHT (50g),CT47704,3,14-Oct-2021,18-Oct-2024,18-Oct-2027,Due >30d,Feti,IPI QA,External Calibration,
B96,Aikoh Push Pull Gauge Model : ANF-300 (0~30kgf),132217,3,20-Mar-2012,18-Oct-2024,18-Oct-2027,Due >30d,Mia,IPI QC WH,External Calibration,
CAL 8,STAINLESS STEEL TEST WEIGHT (100g),1948,5,17-Jan-2013,30-Dec-2022,30-Dec-2027,Due >30d,Feti,IPI QA,External Calibration,
B422,Insulation Resistance Tester KIKUSUI T0S7200,ND003286,2,12-May-2020,27-Feb-2026,27-Feb-2028,Due >30d,Sarmadi,IPI QC WH,External Calibration,
B421,Resistance Hi Tester HIOKI 3541,100629428,2,12-May-2020,27-Feb-2026,27-Feb-2028,Due >30d,Sarmadi,IPI QC WH,External Calibration,
CAL 9,STAINLESS STEEL TEST WEIGHT (500g),1716,5,08-May-2009,28-Feb-2023,28-Feb-2028,Due >30d,Feti,IPI QA,External Calibration,
CAL 15,STAINLESS STEEL TEST WEIGHT (5kg),1150,5,08-Jun-2023,08-Jun-2023,08-Jun-2028,Due >30d,Feti,IPI QA,External Calibration,
B482,45 MIRROR JIG,NA,2,26-Sep-2024,26-Aug-2026,26-Aug-2028,Due >30d,Sarmadi,IPI QC  CA (YEB),Internal Verification,
CAL 10,OPTICAL PARALLEL 12.00 MM  Model: 157-101,18842,5,16-Jan-2018,09-Oct-2023,09-Oct-2028,Due >30d,Feti,IPI QA,External Calibration,
CAL 12,STAINLESS STEEL TEST WEIGHT (10 KG),CT53422,5,12-Jan-2021,20-Dec-2023,20-Dec-2028,Due >30d,Feti,IPI QA,External Calibration,
CAL 13,STAINLESS STEEL TEST WEIGHT (10KG),CT53423,5,12-Jan-2021,20-Dec-2023,20-Dec-2028,Due >30d,Feti,IPI QA,External Calibration,
B508,GRANITE TABLE SYLMOS 200*150*50MM,NA,5,04-Mar-2025,21-Feb-2025,21-Feb-2030,Due >30d,Tika,IPI MCX,External Calibration,
CAL 6,STAINLESS STEEL TEST WEIGHT (2kg),2387,5,29-Sep-2016,27-Jul-2026,27-Jul-2031,Due >30d,Feti,IPI QA,External Calibration,
CAL 3,STAINLESS STEEL TEST WEIGHT (2g),2384,5,29-Sep-2016,27-Jul-2026,27-Jul-2031,Due >30d,Feti,IPI QA,External Calibration,
CAL 4,STAINLESS STEEL TEST WEIGHT (5g),2385,5,29-Sep-2016,27-Jul-2026,27-Jul-2031,Due >30d,Feti,IPI QA,External Calibration,
CAL 5,STAINLESS STEEL TEST WEIGHT (20g),2386,5,29-Sep-2016,27-Jul-2026,27-Jul-2031,Due >30d,Feti,IPI QA,External Calibration,